{
  "af2": {
    "pae_cutoff": 10,
    "dist_cutoff": 10,
    "lis_pae_cutoff": 12,
    "lis_cb_cutoff": 8,
    "A-B": {
      "asym": [
        {
          "chain1": "A",
          "chain2": "B",
          "ipSAE": 0.581176,
          "ipSAE_d0chn": 0.839333,
          "ipSAE_d0dom": 0.694268,
          "ipTM_af": 0.53,
          "ipTM_d0chn": 0.362695,
          "pDockQ": 0.1991,
          "pDockQ2": 0.0408,
          "LIS": 0.3642,
          "n0res": 279,
          "n0chn": 1571,
          "n0dom": 517,
          "d0res": 6.15,
          "d0chn": 12.57,
          "d0dom": 8.05,
          "nres1": 236,
          "nres2": 281,
          "dist1": 42,
          "dist2": 45
        },
        {
          "chain1": "B",
          "chain2": "A",
          "ipSAE": 0.597377,
          "ipSAE_d0chn": 0.855892,
          "ipSAE_d0dom": 0.707833,
          "ipTM_af": 0.53,
          "ipTM_d0chn": 0.453499,
          "pDockQ": 0.1991,
          "pDockQ2": 0.0419,
          "LIS": 0.3446,
          "n0res": 272,
          "n0chn": 1571,
          "n0dom": 491,
          "d0res": 6.08,
          "d0chn": 12.57,
          "d0dom": 7.88,
          "nres1": 219,
          "nres2": 272,
          "dist1": 46,
          "dist2": 43
        }
      ],
      "max": {
        "chain1": "A",
        "chain2": "B",
        "ipSAE": 0.597377,
        "ipSAE_d0chn": 0.855892,
        "ipSAE_d0dom": 0.707833,
        "ipTM_af": 0.53,
        "ipTM_d0chn": 0.453499,
        "pDockQ": 0.1991,
        "pDockQ2": 0.0419,
        "LIS": 0.3544,
        "n0res": 272,
        "n0chn": 1571,
        "n0dom": 491,
        "d0res": 6.08,
        "d0chn": 12.57,
        "d0dom": 7.88,
        "nres1": 272,
        "nres2": 281,
        "dist1": 43,
        "dist2": 46
      },
      "min": {
        "chain1": "A",
        "chain2": "B",
        "ipSAE": 0.581176,
        "ipSAE_d0chn": 0.839333,
        "ipSAE_d0dom": 0.694268,
        "ipTM_af": 0.53,
        "ipTM_d0chn": 0.362695,
        "pDockQ": 0.1991,
        "pDockQ2": 0.0408,
        "LIS": 0.3544,
        "n0res": 279,
        "n0chn": 1571,
        "n0dom": 517,
        "d0res": 6.15,
        "d0chn": 12.57,
        "d0dom": 8.05,
        "nres1": 236,
        "nres2": 219,
        "dist1": 42,
        "dist2": 45
      },
      "lis_metrics": {
        "LIS": 0.3544,
        "cLIS": 0.752,
        "LIA": 104873,
        "cLIA": 89,
        "iLIS": 0.5162,
        "iLIA": 3055.1,
        "iLISA": 1577.2,
        "actifpTM": 0.9772
      }
    },
    "A-C": {
      "asym": [
        {
          "chain1": "A",
          "chain2": "C",
          "ipSAE": 0.615308,
          "ipSAE_d0chn": 0.802447,
          "ipSAE_d0dom": 0.719097,
          "ipTM_af": 0.53,
          "ipTM_d0chn": 0.714447,
          "pDockQ": 0.3058,
          "pDockQ2": 0.1193,
          "LIS": 0.3297,
          "n0res": 325,
          "n0chn": 1041,
          "n0dom": 576,
          "d0res": 6.59,
          "d0chn": 10.71,
          "d0dom": 8.43,
          "nres1": 251,
          "nres2": 325,
          "dist1": 57,
          "dist2": 52
        },
        {
          "chain1": "C",
          "chain2": "A",
          "ipSAE": 0.563949,
          "ipSAE_d0chn": 0.790563,
          "ipSAE_d0dom": 0.704549,
          "ipTM_af": 0.53,
          "ipTM_d0chn": 0.404983,
          "pDockQ": 0.3058,
          "pDockQ2": 0.1032,
          "LIS": 0.2994,
          "n0res": 272,
          "n0chn": 1041,
          "n0dom": 574,
          "d0res": 6.08,
          "d0chn": 10.71,
          "d0dom": 8.41,
          "nres1": 302,
          "nres2": 272,
          "dist1": 52,
          "dist2": 58
        }
      ],
      "max": {
        "chain1": "A",
        "chain2": "C",
        "ipSAE": 0.615308,
        "ipSAE_d0chn": 0.802447,
        "ipSAE_d0dom": 0.719097,
        "ipTM_af": 0.53,
        "ipTM_d0chn": 0.714447,
        "pDockQ": 0.3058,
        "pDockQ2": 0.1193,
        "LIS": 0.3146,
        "n0res": 325,
        "n0chn": 1041,
        "n0dom": 576,
        "d0res": 6.59,
        "d0chn": 10.71,
        "d0dom": 8.43,
        "nres1": 272,
        "nres2": 325,
        "dist1": 58,
        "dist2": 52
      },
      "min": {
        "chain1": "A",
        "chain2": "C",
        "ipSAE": 0.563949,
        "ipSAE_d0chn": 0.790563,
        "ipSAE_d0dom": 0.704549,
        "ipTM_af": 0.53,
        "ipTM_d0chn": 0.404983,
        "pDockQ": 0.3058,
        "pDockQ2": 0.1032,
        "LIS": 0.3146,
        "n0res": 272,
        "n0chn": 1041,
        "n0dom": 574,
        "d0res": 6.08,
        "d0chn": 10.71,
        "d0dom": 8.41,
        "nres1": 251,
        "nres2": 302,
        "dist1": 57,
        "dist2": 52
      },
      "lis_metrics": {
        "LIS": 0.3146,
        "cLIS": 0.5817,
        "LIA": 128811,
        "cLIA": 202,
        "iLIS": 0.4278,
        "iLIA": 5101.0,
        "iLISA": 2182.1,
        "actifpTM": 0.9722
      }
    },
    "B-C": {
      "asym": [
        {
          "chain1": "B",
          "chain2": "C",
          "ipSAE": 0.120775,
          "ipSAE_d0chn": 0.633326,
          "ipSAE_d0dom": 0.226352,
          "ipTM_af": 0.53,
          "ipTM_d0chn": 0.47716,
          "pDockQ": 0.0189,
          "pDockQ2": 0.0077,
          "LIS": 0.1021,
          "n0res": 84,
          "n0chn": 1316,
          "n0dom": 166,
          "d0res": 3.29,
          "d0chn": 11.74,
          "d0dom": 4.8,
          "nres1": 81,
          "nres2": 85,
          "dist1": 0,
          "dist2": 0
        },
        {
          "chain1": "C",
          "chain2": "B",
          "ipSAE": 0.157736,
          "ipSAE_d0chn": 0.643983,
          "ipSAE_d0dom": 0.260521,
          "ipTM_af": 0.53,
          "ipTM_d0chn": 0.261188,
          "pDockQ": 0.0189,
          "pDockQ2": 0.0077,
          "LIS": 0.0994,
          "n0res": 107,
          "n0chn": 1316,
          "n0dom": 191,
          "d0res": 3.8,
          "d0chn": 11.74,
          "d0dom": 5.15,
          "nres1": 82,
          "nres2": 109,
          "dist1": 0,
          "dist2": 0
        }
      ],
      "max": {
        "chain1": "B",
        "chain2": "C",
        "ipSAE": 0.157736,
        "ipSAE_d0chn": 0.643983,
        "ipSAE_d0dom": 0.260521,
        "ipTM_af": 0.53,
        "ipTM_d0chn": 0.47716,
        "pDockQ": 0.0189,
        "pDockQ2": 0.0077,
        "LIS": 0.1008,
        "n0res": 107,
        "n0chn": 1316,
        "n0dom": 191,
        "d0res": 3.8,
        "d0chn": 11.74,
        "d0dom": 5.15,
        "nres1": 109,
        "nres2": 85,
        "dist1": 0,
        "dist2": 0
      },
      "min": {
        "chain1": "B",
        "chain2": "C",
        "ipSAE": 0.120775,
        "ipSAE_d0chn": 0.633326,
        "ipSAE_d0dom": 0.226352,
        "ipTM_af": 0.53,
        "ipTM_d0chn": 0.261188,
        "pDockQ": 0.0189,
        "pDockQ2": 0.0077,
        "LIS": 0.1008,
        "n0res": 84,
        "n0chn": 1316,
        "n0dom": 166,
        "d0res": 3.29,
        "d0chn": 11.74,
        "d0dom": 4.8,
        "nres1": 81,
        "nres2": 82,
        "dist1": 0,
        "dist2": 0
      },
      "lis_metrics": {
        "LIS": 0.1008,
        "cLIS": 0.0,
        "LIA": 15876,
        "cLIA": 0,
        "iLIS": 0.0,
        "iLIA": 0.0,
        "iLISA": 0.0,
        "actifpTM": 0.1924
      }
    }
  }
}
